{"cameraMode":{"drawMode":0,"name":"Shaded","section":"Shading Mode"},"sceneLighting":true,"audioPlay":false,"sceneViewState":{"showFog":true,"showMaterialUpdate":false,"showSkybox":true,"showFlares":true,"showImageEffects":true,"showParticleSystems":true},"in2DMode":false,"pivot":{"x":-1160.7193603515625,"y":-2054.671142578125,"z":2446.04150390625},"rotation":{"x":-0.019435940310359,"y":-0.9506031274795532,"z":0.3037808835506439,"w":-0.06081976741552353},"size":135.53909301757813,"orthographic":false}