{"cameraMode":{"drawMode":0,"name":"Shaded","section":"Shading Mode"},"sceneLighting":false,"audioPlay":false,"sceneViewState":{"showFog":true,"showMaterialUpdate":false,"showSkybox":false,"showFlares":true,"showImageEffects":true,"showParticleSystems":true},"in2DMode":false,"pivot":{"x":1.5884281396865845,"y":1.7488267421722413,"z":2.6174230575561525},"rotation":{"x":0.01781143806874752,"y":-0.9801353812217712,"z":0.16805517673492433,"w":0.10389632731676102},"size":3.312215566635132,"orthographic":false}